Row,sites,ave depth,ave methylation
Lung,4085551.0,15.241028688664025,35.427501126471206
Heart,4021292.0,14.609888563178203,35.12076520208361
Liver,4147692.0,13.342086635169633,36.21835219427179
Cortex,4353634.0,14.978641521083306,38.08174239306818
